fold,seed,rule,train_end,valid_end,future_end,selected_epoch,validation_metric,validation_score,future_mse,future_mae,future_IC,future_RIC,future_RankIC,future_RankIC_std,future_RankICIR,future_prec_10,future_sharpe5,future_directional_accuracy,future_mean_top5_return,future_mean_universe_return,future_mean_top5_excess_return
fold_1,2021,A,628,881,1007,98,stockmixer_val_loss,0.0003342997031277156,0.00028414456735571624,0.011517247185111046,0.0031549352039228298,0.02926198240716451,0.0029970970605850524,0.1304931130678799,0.02296747307289713,0.5523809523809523,2.3954468431118645,0.49606523340700553,0.0024921761360019445,0.0006354986689984798,0.0018566775834187865
fold_1,2021,B,628,881,1007,17,IC,0.024089269701360192,0.0005336764602600472,0.017554039135575294,0.002355514744083727,0.016516569338633536,0.0029991505047188677,0.17217268051093187,0.017419433186605007,0.519047619047619,1.0761782756951244,0.5365347264081441,0.0011065034195780754,0.0006354986689984798,0.0004710049252025783
fold_1,2021,C,628,881,1007,17,RankIC,0.022974454042487696,0.0005336764602600472,0.017554039135575294,0.002355514744083727,0.016516569338633536,0.0029991505047188677,0.17217268051093187,0.017419433186605007,0.519047619047619,1.0761782756951244,0.5365347264081441,0.0011065034195780754,0.0006354986689984798,0.0004710049252025783
fold_1,2021,D,628,881,1007,17,stable_rankic_score,0.02254146604633965,0.0005336764602600472,0.017554039135575294,0.002355514744083727,0.016516569338633536,0.0029991505047188677,0.17217268051093187,0.017419433186605007,0.519047619047619,1.0761782756951244,0.5365347264081441,0.0011065034195780754,0.0006354986689984798,0.0004710049252025783
fold_2,2021,A,754,1007,1133,94,stockmixer_val_loss,0.00028434799050704277,0.002022098514659531,0.029687751084566116,0.010102365276489068,0.06267683145698061,0.019780275527711114,0.18539536320639244,0.10669239610750464,0.5111111111111112,1.4636003407140727,0.4671656285580336,0.005038722418248653,-0.00011836850899271667,0.005157091189175844
fold_2,2021,B,754,1007,1133,22,IC,0.016495296934077565,0.002429565509380747,0.03552597388625145,0.011012758461537573,0.05492520726427642,-0.00874831959435817,0.21441714737863837,-0.04080046629344223,0.5261904761904762,1.7583687754929898,0.49268300850579333,0.0057157911360263824,-0.00011836850899271667,0.005834160838276148
fold_2,2021,C,754,1007,1133,6,RankIC,0.014913345684165524,0.0029414533397159265,0.03964025527238846,-0.021079786152935775,-0.11507410418241142,-0.017001685533202856,0.19132392376157706,-0.08886335382913178,0.5,1.0987315549855325,0.5010883396959346,0.0035115284845232964,-0.00011836850899271667,0.0036298970226198435
fold_2,2021,D,754,1007,1133,6,stable_rankic_score,0.013807624879193832,0.0029414533397159265,0.03964025527238846,-0.021079786152935775,-0.11507410418241142,-0.017001685533202856,0.19132392376157706,-0.08886335382913178,0.5,1.0987315549855325,0.5010883396959346,0.0035115284845232964,-0.00011836850899271667,0.0036298970226198435
fold_3,2021,A,880,1133,1259,97,stockmixer_val_loss,0.0011360733574274707,0.0005412007334307695,0.016079289838671684,0.010360600486803699,0.07135576916020293,0.0028888051497958714,0.15495822224300193,0.01864247735925696,0.5206349206349206,2.5260138569955637,0.5167102002545041,0.004590057302266359,0.0019263091962784529,0.0026637474074959755
fold_3,2021,B,880,1133,1259,34,IC,0.029504611767369127,0.0006732034248127473,0.01846224069595337,0.00291610729369405,0.016717849226434243,-0.01608324013613313,0.16622589774334276,-0.09675532124943663,0.5166666666666667,2.5859496465615655,0.47217199115933295,0.004847646690905094,0.0019263091962784529,0.002921338425949216
fold_3,2021,C,880,1133,1259,46,RankIC,0.018660817312815263,0.0005675307550650824,0.016506705433130264,0.003845768513526491,0.024521633126057936,-0.007072901656063465,0.160020079089054,-0.044200088490940384,0.519047619047619,2.7787818772959856,0.517145536132878,0.004698840901255608,0.0019263091962784529,0.0027725317049771547
fold_3,2021,D,880,1133,1259,56,stable_rankic_score,0.012225626620830035,0.0006479281797722561,0.018284818157553673,0.0028302506047650903,0.017091546870565178,-0.005966146505534565,0.16579743306615147,-0.03598455292823583,0.5095238095238094,2.5972725281901456,0.47026321076953986,0.005202125757932663,0.0019263091962784529,0.00327581656165421
