epoch,train_loss,train_mse_loss,train_rank_loss,val_loss,val_mse_loss,val_rank_loss,val_mse,val_ic,val_ric,val_prec_10,val_sharpe5,test_loss,test_mse_loss,test_rank_loss,test_mse,test_ic,test_ric,test_prec_10,test_sharpe5,epoch_time_sec
1,0.5266714724382818,0.5264066826044158,0.0026479028089494076,0.16948925721433322,0.16904206841948474,0.004471891466482163,0.1690420766879663,-0.017350466702412567,-0.05201015374223999,0.500395256916996,0.8902833766217251,0.23824076244438236,0.2380455138839104,0.0019524862104431536,0.2380455257936897,0.015902533342045107,0.06806738134986402,0.4928977272727273,0.946630133643913,32.62084412574768
2,0.07082496611025146,0.07069636875660056,0.0012859719156315833,0.09523189960879536,0.09490151762623679,0.0033038189589126928,0.09490152204234281,-0.01460268438571991,-0.04153554517382768,0.49486166007905147,1.1407046465020503,0.1720543022648516,0.17191245610063727,0.0014184620301669136,0.171912464058833,0.013454518553896323,0.06245154237359135,0.48579545454545453,0.4132914702423958,33.53857421875
3,0.021165611776005892,0.02108929516568855,0.0007631657403162352,0.07434819827386337,0.07409571870800712,0.0025247947380532005,0.07409572206906982,-0.00835197143366382,-0.024524984385385244,0.49604743083003955,1.132186951754066,0.16262835924598304,0.1625181460245089,0.0011021330292351195,0.16251815425223676,0.01326864283927154,0.07104642073713183,0.4846590909090909,0.3057262035305657,32.36540079116821
4,0.024821055577973827,0.024751865748090275,0.0006918988207495076,0.058281625061491024,0.05806978874225096,0.002118363420859995,0.05806979133726716,-0.00356865111492966,-0.011214711663396899,0.4992094861660079,1.1076922065795398,0.15155890526842664,0.15146683473986658,0.0009207059406848698,0.1514668423294175,0.014875075431245959,0.08814931610394851,0.4872159090909091,0.20308243921112018,32.236578941345215
5,0.011762279730920464,0.011708832374007225,0.0005344733360077659,0.04503325488705468,0.0448527997157172,0.0018045530782638875,0.04485280180888712,-0.0070920673508753414,-0.021937161205885854,0.4964426877470356,1.3898164995539328,0.12245031374252656,0.12237702085721222,0.0007329284805812429,0.12237702730547288,0.018937865031940577,0.1023270859255956,0.49517045454545455,0.25865488632563033,31.788298845291138
6,0.008943281502632254,0.008899924783929807,0.0004335671142722607,0.03220843357814424,0.03205667136572007,0.0015176227102295418,0.03205667313522619,-0.007734821370816865,-0.024778511075836975,0.4956521739130435,0.8457644714249647,0.09328989418943158,0.09322599134280939,0.0006390282008148708,0.09322599592267233,0.022239716826507706,0.1211043981493528,0.4943181818181818,0.5761925982799111,31.97594976425171
7,0.009565871345899962,0.009525684980120547,0.00040186340598721116,0.030924692032159317,0.03081626211304085,0.001084298947885846,0.030816263629053514,0.026580901892495075,0.11455939068561052,0.5083003952569171,1.1869494544237185,0.07728324101877991,0.07722449423321946,0.0005874672335514995,0.07722449822758741,0.025424907382948912,0.1545465385288887,0.5099431818181818,1.4745746752153746,32.160613775253296
8,0.005732389380202882,0.005696715157822414,0.000356742253959487,0.0147774923250462,0.014670886795989904,0.0010660555093593366,0.014670887511371933,0.014564898278073444,0.05685559101848973,0.5007905138339921,0.7575097013617641,0.04662153409497643,0.046565134141763505,0.0005640000398753645,0.04656513629315213,0.024051504579945607,0.13482258015049428,0.4994318181818182,0.39336352422375964,32.07489037513733
9,0.003044456764032613,0.003015732608389843,0.0002872415285438741,0.011527970162212938,0.011423199026653978,0.001047711591756251,0.01142319957101931,0.015690498960589407,0.05683515212124308,0.5035573122529644,1.113338310546027,0.03341037802006626,0.033353897131746635,0.0005648087222570294,0.033353898614287524,0.024810834566772123,0.13162508271075524,0.4943181818181818,0.6951954656022366,31.534809350967407
10,0.0036763265757172397,0.003647449186172882,0.00028877385269916343,0.010878274723401537,0.010781755582098169,0.0009651914822846916,0.010781756167094486,0.018637040079355186,0.08468479193909509,0.5154150197628459,0.9913777128821087,0.03217931860126555,0.03212317378281362,0.0005614474777592642,0.032123175279016994,0.02124232895147404,0.15179811820434969,0.5051136363636364,0.9235074293105737,31.9741153717041
11,0.002291797452860258,0.0022668556557766,0.00024941800474694866,0.009349029763829949,0.00925926566758955,0.000897640974367619,0.009259266054788225,0.018951860097783373,0.08110413925824707,0.5083003952569168,0.8177167421853103,0.0290719015809538,0.02902148540703241,0.0005041617148642465,0.029021486985947212,0.022815961132952346,0.1575180091379448,0.5019886363636363,0.6060014713102662,32.50328755378723
12,0.0026111120124102916,0.0025872755323588436,0.00023836483892272087,0.008432016965634974,0.008342130504467565,0.0008988648539951085,0.008342130960790256,0.016606278772501534,0.06483798752054781,0.5079051383399209,0.960185544732028,0.024526666299524633,0.024477992902658032,0.0004867343776905645,0.024477994086120648,0.02450767892526664,0.15611837312513915,0.4991477272727272,0.6424619889611456,33.98256468772888
13,0.0034954383318733444,0.0034705314543592093,0.00024906883170273193,0.00692224979958324,0.006836602872692181,0.0008564691875521517,0.0068366031726909415,0.0192535992197778,0.08475163555073532,0.5075098814229251,0.4270387733413859,0.011894779008633288,0.011843669465055096,0.0005110955961010239,0.011843670038666456,0.027585156157575744,0.15075992941544547,0.4946022727272728,0.6141791678832597,34.04393196105957
14,0.0025929379311032744,0.0025702240688413513,0.0002271386649961715,0.007773357067577423,0.00769589195375813,0.0007746513344137193,0.007695892328898961,0.02359960519538557,0.11403133271671047,0.5158102766798419,0.792672760226287,0.017149193930725396,0.017101952239913357,0.0004724170990729445,0.017101952974976343,0.023841670099942827,0.1466775972829821,0.49573863636363635,0.4435677416790799,33.4165518283844
15,0.001464019966431696,0.0014448963176527277,0.00019123649185760338,0.006174377596885584,0.006098673159897092,0.0007570443963141939,0.006098673402733813,0.01742548800528494,0.08301104915565168,0.5146245059288537,0.6569939994900748,0.01174494963991244,0.011698973686593077,0.00045975924897654545,0.011698974261918849,0.022467638574280396,0.13512121449146325,0.4971590909090909,0.538659767953259,34.93326020240784
16,0.0015503446279020716,0.0015317433875587985,0.0001860124242280062,0.006125467420572216,0.006047245057294212,0.0007822236094567207,0.006047245384563801,0.026069700722939994,0.10228893279124021,0.5130434782608696,1.0897567351448325,0.011641560578771698,0.011592960134624842,0.00048600446003051314,0.011592960659286711,0.02390566906381888,0.1348386123822714,0.4914772727272727,0.41333204699335524,34.91140174865723
17,0.0021523488372989998,0.0021319571873373022,0.00020391651040964378,0.005121656029306632,0.005049991103675098,0.0007166492984468658,0.00504999135565637,0.022722116092339505,0.09149639125785416,0.5094861660079052,0.8025474377914765,0.007351643522270024,0.0073053261062754745,0.00046317430226074725,0.007305326450393729,0.02463941042893746,0.14024776367676922,0.4971590909090909,0.46716981427647625,32.700592279434204
18,0.0012704361005682696,0.001253672888590084,0.00016763212926632307,0.004650582909803072,0.004586728592725331,0.0006385432754879313,0.004586728816500798,0.013389222294144637,0.06472696029994218,0.507509881422925,0.46566582016610697,0.007735719300399069,0.007695317292845258,0.0004040200591258657,0.007695317662774716,0.02177643590781696,0.14064847139879172,0.5036931818181819,0.49487917565687073,34.13762950897217
19,0.0031350816550048425,0.003114640015951179,0.00020441635109947506,0.004979668596939813,0.004915288096296568,0.0006438047895053854,0.0049152883233842,0.01942593128915615,0.10448554759985729,0.5019762845849802,0.3254642107748926,0.004611173931400778,0.004572688985883195,0.0003848494270435119,0.004572689206790164,0.0254690987955058,0.1449292322524546,0.5028409090909091,1.0724416678225588,33.8692352771759
20,0.0010905400580447874,0.0010749289072165735,0.00015611153695969888,0.0049323224693328775,0.004872152325168083,0.0006017016353379666,0.0048721525497320015,0.020950431762981492,0.10633411467532448,0.5071146245059288,0.13520620079487664,0.005306005659142763,0.005268287559209222,0.00037718099344436433,0.0052682878185672825,0.023389565123991787,0.13453765577106774,0.49857954545454547,1.089674853195237,33.98052144050598
21,0.001058205011602952,0.0010434774245368316,0.00014727587813927176,0.004350780739482095,0.004296915208908873,0.0005386552858599388,0.004296915434931024,0.019556693410135474,0.10962777862414474,0.5130434782608696,0.12959136315660263,0.005442196186115986,0.0054068752245009155,0.00035320952110851067,0.005406875478148483,0.02417584836444674,0.14900231357831561,0.5036931818181819,1.396934096045435,33.04295086860657
22,0.0011971860755831145,0.0011826730240077589,0.0001451305252086251,0.003778281162875767,0.003724888652257562,0.0005339252928261767,0.0037248888402896434,0.015533019413933629,0.07450989898193604,0.5134387351778656,0.30300573092687233,0.00425645055160699,0.004221663625768005,0.00034786927271439214,0.004221663822617242,0.02325921715216058,0.13844545492129265,0.50625,1.2106465629245047,34.09901022911072
23,0.0011039926853346064,0.0010898392991312178,0.00014153385613227705,0.004192083405437529,0.004136489495002801,0.0005559391923489881,0.004136489677623902,0.012506671712819308,0.06453787448002246,0.5059288537549407,0.2703312269781176,0.0037883693019631955,0.0037526600525862623,0.00035709245701747767,0.003752660232379002,0.02168175098279132,0.133340428664485,0.5051136363636364,0.9577407180437979,34.115724325180054
24,0.0013956334566252984,0.0013813307185450362,0.00014302736708486917,0.004005359276611976,0.003952380864956442,0.0005297840847194345,0.003952381024045042,0.011461143758732221,0.0547908858743122,0.5071146245059289,0.37374288340608325,0.004285520272374429,0.004252611381327204,0.0003290889060901298,0.004252611593611767,0.026111521362154024,0.15592994476121433,0.5096590909090909,1.0451068010196563,34.568885803222656
25,0.0008630507398541368,0.0008505167879812146,0.00012533951044271376,0.0034303949815000265,0.0033825099093907625,0.00047885069945169585,0.0033825100768869244,0.003427183668424883,0.01833937795124545,0.5051383399209486,0.035433218459252264,0.0029452325483858162,0.002916967188039879,0.0002826536194168677,0.0029169673283271887,0.022114959030117686,0.15309887006630699,0.5196022727272727,0.9635896364680034,34.33790135383606
26,0.0009783143362099766,0.0009657828370697156,0.00012531495873061965,0.0033121049256209403,0.0032641914387402885,0.00047913488959907386,0.0032641915805227493,-0.0017159820866587266,-0.009047585693992336,0.4948616600790514,-0.24686989961046524,0.002296508227697235,0.0022695611876935636,0.0002694704371192942,0.00226956129866997,0.026300079434417287,0.18025696686352985,0.5235795454545454,1.6157256585242883,33.010666370391846
27,0.0011550752517786064,0.0011429275275058714,0.00012147724354130185,0.0037631985594301295,0.003712580384449157,0.0005061819155462613,0.0037125805811593837,0.013200179212710886,0.056060052476448415,0.5035573122529644,0.4324629422620492,0.004079282475934385,0.004052555811623196,0.00026726661148627915,0.004052556006004013,0.025262655609808945,0.15519330681426327,0.5167613636363636,1.050122255698405,33.09758758544922
28,0.0007053107488312467,0.000694637138752509,0.00010673611278535746,0.0030015023291090747,0.0029566348176044616,0.0004486753225834762,0.0029566349222212864,0.006132284229959718,0.030038256943623387,0.5,0.18391146434687478,0.001974848957781267,0.0019494483557619706,0.0002540059963600718,0.0019494484507396337,0.024428661936972827,0.16302261023893308,0.5207386363636364,1.5099970723449088,33.344990491867065
29,0.001147883371558779,0.001136300054695128,0.00011583311588949092,0.002721842456026474,0.002679686690358585,0.0004215579186996405,0.0026796868277524856,0.009720478022614137,0.04803324551727386,0.5079051383399209,0.2778422622885304,0.0024270364225561602,0.0024002821036529813,0.00026754318551783484,0.002400282217730644,0.02426551220669622,0.1494969691509621,0.5139204545454544,1.4328917597834991,34.011744022369385
30,0.0007077811034502123,0.000697413601176437,0.00010367501064055514,0.0027595931532279233,0.0027173846511891766,0.0004220849736545349,0.002717384791514949,0.00039249600508649795,0.0024028782713594065,0.5118577075098815,-0.2023385684020945,0.0016985562863489824,0.0016757758565456077,0.00022780430785215603,0.0016757759370904875,0.021796541887486098,0.15763628089209897,0.5292613636363636,1.8557920291016294,33.684727907180786
31,0.0009042159549396889,0.0008936619311112515,0.00010554021013413516,0.0022393893238834357,0.0022031370824867336,0.00036252257238446344,0.0022031371930421846,0.0025052083795381284,0.014242370976358314,0.5083003952569171,0.13613196644791056,0.0016634366489928323,0.0016404780337986515,0.0002295861686434364,0.0016404781097284454,0.02481846128931511,0.17023581277677297,0.5284090909090909,1.787726882174582,33.46766710281372
32,0.0008556053399595178,0.0008455555796366882,0.00010049760525490832,0.002273007170637709,0.002234459723867734,0.0003854744238570736,0.0022344598331604814,0.0013372572201906742,0.00746965095424653,0.49328063241106723,0.14549914914396986,0.0017038484974446792,0.0016812204050273233,0.00022628089817027848,0.0016812204787687328,0.024690783809995974,0.17277102691307641,0.5284090909090909,1.9943127795045565,33.76899194717407
33,0.0006673304831069386,0.0006579986031798086,9.331878484065075e-05,0.0025422278953405103,0.002504111600709847,0.0003811629831609399,0.0025041117320010113,0.01347009031883442,0.06267389628621212,0.5083003952569171,0.7305786543784717,0.0015390980234687131,0.0015145707255380164,0.0002452730051862256,0.0015145708002374265,0.026607817399104915,0.16094953958413313,0.5201704545454546,1.7449948914685358,33.809000730514526
34,0.0009294754427192131,0.0009191790334304154,0.00010296411122302137,0.002165099193747873,0.0021306780293922534,0.00034421164124112175,0.0021306781319660453,0.004810705929352482,0.024938877907292028,0.49960474308300395,-0.11578066361108011,0.0018780488684238992,0.0018567957816809542,0.0002125308475239184,0.0018567958817090338,0.02395273212504326,0.16369749746259774,0.5252840909090909,1.381672147184255,36.20124816894531
35,0.0007837565380149766,0.0007743253740082223,9.431163678233831e-05,0.0020357864180588063,0.002001609971708611,0.00034176451158654606,0.0020016100681434818,0.003144465979420539,0.015878060502807257,0.4940711462450593,0.03487564848872556,0.0014978851964273913,0.0014760505893553438,0.00021834611530638622,0.0014760506532288606,0.02471823763599529,0.16811772756706714,0.5321022727272727,1.898185008179741,33.697747230529785
36,0.000989703416284597,0.000979874828059257,9.828584753826491e-05,0.0022973610789827053,0.0022648315905020922,0.0003252948106086183,0.0022648317108978334,0.006348484235535676,0.03865008431376968,0.5031620553359684,0.13690619626955963,0.0020481340063931634,0.002026184412732784,0.00021949590057540098,0.0020261845186282873,0.018276050493216556,0.15636082029400675,0.5144886363636364,1.397332536765667,34.07083320617676
37,0.0005955982868938302,0.0005871238104715082,8.474477020199905e-05,0.002155684305791165,0.0021238538092407193,0.00031830487964528044,0.0021238538995471653,-5.995929695143014e-05,-0.00039951529526565814,0.5043478260869565,0.000129520701169586,0.0020306999814982355,0.002009960758931067,0.0002073922210208614,0.002009960865435754,0.017109169173957637,0.1567749767866186,0.5190340909090909,1.4085305700480355,34.92593955993652
38,0.0007281578647668328,0.0007194502313557843,8.707633434015507e-05,0.0022046417891730744,0.0021743869666413225,0.0003025482234194426,0.002174387088829924,-0.0018581283039447627,-0.013130204185616109,0.5055335968379446,0.19030982860371015,0.002376308953072029,0.00235539518854983,0.0002091375561845284,0.0023553953046137875,0.016044214645061592,0.15516474102161382,0.5167613636363636,1.4949433753906198,34.6003532409668
39,0.0008860529904874663,0.0008770512248656354,9.001765635059771e-05,0.002216375889482065,0.0021844484943739162,0.00031927384606899835,0.0021844485825819084,0.004852330294624034,0.026613100166216246,0.4869565217391305,0.1825379434836913,0.0018934468268774006,0.0018725547979556723,0.00020892033874340333,0.001872554893201357,0.020499476720968142,0.16751778978478357,0.5267045454545454,1.3626703458584728,34.2496178150177
40,0.0015481528320562593,0.0015382077004081414,9.945138826327766e-05,0.0020027821105348107,0.001971843823311545,0.00030938286442466523,0.0019718439098797506,0.008810140271831144,0.04782802459160489,0.4924901185770751,0.6533531273490896,0.0018612650518744804,0.0018410242137179011,0.00020240837576776275,0.0018410243132655363,0.020450113679477258,0.16445801720359224,0.5309659090909091,1.4578145966517428,34.31532669067383
41,0.0005991456096649706,0.0005911082010381065,8.037407872442867e-05,0.001972981264792648,0.001942541726000732,0.00030439536541545294,0.0019425418075174911,0.0017850016518911984,0.01032706484444736,0.48616600790513836,0.3149244914512787,0.001734018470001915,0.0017148777844175295,0.0001914068205802654,0.0017148778715998527,0.019375768019052855,0.16154297753750332,0.5326704545454546,1.3290877641324632,34.20031952857971
42,0.0007164627823812859,0.0007081844271989681,8.278353386662954e-05,0.001927158400037219,0.0018982328787416573,0.0002892552643474615,0.0018982329591492864,0.0004465360771508316,0.002697987833497716,0.4877470355731225,0.3324572016276215,0.001761821667638618,0.0017443002128526462,0.00017521450902015866,0.0017443003028874975,0.01923599136906491,0.16428628974973428,0.5321022727272727,1.4947716392897985,34.11967492103577
43,0.0008863093951970428,0.000877768247109906,8.541147336757723e-05,0.0018325615735225776,0.0018033105083405346,0.0002925105820949007,0.0018033105996288516,0.006231031433848824,0.029089347467525128,0.4806324110671937,0.511428977974976,0.0016715331262689274,0.00165294357181913,0.00018589553215778406,0.0016529436537510065,0.0213005082002718,0.16168496231734714,0.5232954545454546,1.6821889687860903,32.91173696517944
44,0.0008916700565837666,0.0008828260536914729,8.844001404856563e-05,0.0019202188977151704,0.0018908248930960606,0.00029394002705216576,0.0018908249917980132,0.0014449144967761324,0.007355719969058621,0.48458498023715413,-0.1324809682067691,0.0016113094165616944,0.0015932196535934715,0.00018089765047658477,0.001593219731945188,0.01988698827249867,0.15839805691340986,0.5196022727272727,1.3285896921047673,33.66875219345093
45,0.0005296685210575533,0.0005222775788834869,7.39094233924536e-05,0.0019606314971076745,0.0019321634928583583,0.0002846800068754789,0.0019321635834669627,0.005686988227187781,0.02889635705311154,0.48774703557312254,0.2767146966543747,0.0016247135494764238,0.0016069988436025926,0.0001771470884002404,0.001606998926022124,0.019099917511678388,0.15854561649996493,0.5275568181818181,1.5120820989540869,34.92294144630432
46,0.0011437508570691195,0.0011337819496861122,9.96890785355583e-05,0.001896487839870604,0.001867180392919145,0.0002930744837357786,0.001867180466997207,-0.006569884485364334,-0.04021985061442165,0.48656126482213435,0.03290688332830971,0.001298425828198643,0.0012821960749120494,0.00016229754546450502,0.0012821961414739586,0.021815286941894232,0.17983164415880293,0.5309659090909091,2.1128154746937,34.47279119491577
47,0.0007292868834955505,0.0007207901751201581,8.496710333286436e-05,0.0018238908457781442,0.0017957645455759991,0.00028126298373090214,0.0017957646374323402,-0.00294875670100691,-0.01713712111077887,0.4893280632411068,0.08387578451638168,0.0010252266977410975,0.0010093357966318515,0.00015890900097433175,0.0010093358499418882,0.023123729181121256,0.19132749356040543,0.5326704545454546,2.067566589686086,33.5393180847168
48,0.0006992502266560525,0.0006913782988373317,7.871927600993358e-05,0.0019436196414634158,0.0019136617044603504,0.0002995793606121721,0.0019136618022128318,-0.002324024527920564,-0.015461852096195335,0.48537549407114616,0.06963909934901523,0.0010233983784101756,0.001007440062577106,0.0001595831744638913,0.0010074401110490403,0.020468259525750158,0.189033167818989,0.5377840909090909,2.371458725056992,33.90094614028931
49,0.0005451847621706559,0.0005379067151292787,7.278047339581223e-05,0.001916106748776584,0.0018869621286687732,0.0002914461906530697,0.0018869622300653865,0.004394254779128887,0.02455298021655751,0.4770750988142292,0.29804374650188825,0.0010738225869731236,0.0010577945464650509,0.0001602804123566867,0.0010577945942451966,0.021374351845797487,0.1782425956202025,0.5363636363636364,2.3406135155284176,35.09194874763489
50,0.0006608055730325621,0.0006530566800549165,7.748893214297961e-05,0.0019217813721689554,0.0018911247374950044,0.00030656631783699146,0.0018911248366041398,0.013105658904407538,0.058844696058150285,0.49960474308300384,1.0632040026985337,0.0011247240344428892,0.0011077075215243067,0.00017016512770789467,0.0011077075789599372,0.023412924624373818,0.16393375786245376,0.5363636363636364,1.8409742380040683,35.123629570007324
51,0.000753317625868026,0.0007453556763151698,7.961947851825501e-05,0.0018231007668535729,0.0017957837322474688,0.0002731704124361792,0.0017957838246825005,8.401375036437125e-06,4.981650056357305e-05,0.483399209486166,0.30265042403883935,0.0010003114282219692,0.0009850133549414088,0.00015298073748743428,0.00098501340168352,0.020409028162499822,0.17296586986435766,0.5306818181818183,1.8322280466806462,34.72758889198303
52,0.0006549424497628787,0.0006474021226173559,7.540327256775168e-05,0.001602139972401562,0.0015773854192885617,0.00024754551118582566,0.0015773854791573366,0.004306439985549479,0.027692451043619188,0.48972332015810277,0.33052308006364445,0.000901376048866289,0.0008878697013973248,0.0001350634742348947,0.0008878697464120727,0.02131716209838548,0.18859435090540316,0.5355113636363636,2.0233442057630624,34.475372076034546
53,0.000645965863327317,0.0006386169832731325,7.34887982028827e-05,0.0017540032022656585,0.001727385288141226,0.00026617920254354857,0.0017273853724140494,-0.0019830863613461056,-0.011730024194505601,0.48458498023715413,0.37423044690707197,0.0009551907188241868,0.0009409466167860294,0.0001424410512940581,0.000940946662628266,0.019352487685886426,0.17505350106372747,0.5363636363636364,2.2318883043904347,34.367738008499146
54,0.0007287063323974967,0.0007210334470275687,7.672884713254535e-05,0.0016458751449707468,0.0016225822800342471,0.00023292860798119005,0.001622582367526564,0.0034969690094334717,0.020140551594322372,0.49090909090909085,0.45888882517900276,0.0009269747203110124,0.0009132575532930787,0.0001371716496123554,0.000913257599021495,0.020870283785031227,0.17927912307509816,0.534375,2.0044164572977548,32.87182903289795
55,0.0007986616476946346,0.0007911337876673011,7.527863173450125e-05,0.0016475133262524057,0.0016236486161411133,0.00023864697317973335,0.001623648694615226,-0.003252793840883953,-0.019890349301954578,0.48656126482213435,0.3875376279019773,0.0010487328816618008,0.0010353018267944042,0.00013431053235473718,0.0010353018827126495,0.018866370770020034,0.17066144403305,0.5360795454545454,1.6903881513536756,33.17954349517822
56,0.0005004936062734964,0.0004939262559646247,6.56735006633986e-05,0.0017294254154657112,0.0017042084809405574,0.0002521694321747871,0.0017042085661972324,0.003606663998287309,0.02213525995695376,0.4885375494071146,0.25308162325472555,0.0009229493328100282,0.0009092262681323601,0.00013723063829150885,0.0009092263149617022,0.02051580052689405,0.18909207480643853,0.5352272727272728,2.1988887369945527,33.38543343544006
57,0.0006221454980814914,0.000615446280345269,6.699216988783169e-05,0.0018666539615684599,0.0018404147751296211,0.00026239185787453465,0.0018404148470347402,0.0027527579168001325,0.017557633007379583,0.49051383399209486,0.21536549151415607,0.0009378949355529833,0.0009242014510329517,0.0001369348353715726,0.0009242014949398946,0.018958389954106983,0.18487551426799667,0.5386363636363637,2.2310419871040263,33.73908853530884
58,0.0008806280669097135,0.0008727177166476413,7.910351002988826e-05,0.0017453987991599286,0.0017194867943019676,0.0002591200850169145,0.0017194868795938963,0.0026425265398905685,0.014372261932943522,0.4873517786561265,0.3346260570582029,0.0008721863666571815,0.0008591027658026592,0.00013083601086030038,0.0008591028100610937,0.020265844428062528,0.1667107890100831,0.53125,2.5085859816592633,33.05910015106201
59,0.0005397035443986004,0.0005331097834145608,6.59376100002467e-05,0.0016620632776624261,0.0016368393731725,0.0002522390193039949,0.0016368394507036191,0.01438020542790852,0.06601898892907355,0.5063241106719367,1.0276933574751064,0.0009707972798919814,0.0009579426053030395,0.00012854673857211972,0.0009579426539281511,0.022558267509080774,0.17344794629722307,0.5357954545454545,1.713760219612933,33.16092896461487
60,0.0007885952658288068,0.0007814820219540376,7.113243953867685e-05,0.0020241418882390935,0.002000519018650162,0.00023622860610457468,0.002000519111668563,0.005466924016754517,0.03463030138438283,0.48972332015810277,0.42361097956062416,0.0010295328188889966,0.0010170909785797862,0.0001244183949996692,0.0010170910278745325,0.01986956530934728,0.1875959287085544,0.5349431818181818,2.1635310358223143,34.17369842529297
61,0.0004850563585785843,0.0004789549871635943,6.101371456698145e-05,0.0017374889648348285,0.0017134240384304735,0.00024064933614167586,0.0017134241175269323,0.0014399488183253644,0.008752031983394498,0.4857707509881423,0.3469654267047665,0.0008446941650287375,0.0008325824396293187,0.00012111724093053702,0.0008325824822088214,0.01829028831145049,0.17246419592819123,0.5335227272727273,2.1078779835140837,33.43129372596741
62,0.0005917879984689984,0.0005849525573806875,6.835441499696563e-05,0.0016489067253391645,0.001625923433475907,0.0002298329311641915,0.00162592350875773,0.004229661951117819,0.02673104116711995,0.4837944664031621,0.3685868789216755,0.000839616827513303,0.0008280329460500401,0.00011583883275017632,0.0008280329842017335,0.017413671132750566,0.1752349957357789,0.5363636363636364,1.8126482862098776,33.06435203552246
63,0.0005291793834667352,0.0005230994893336725,6.079894027506169e-05,0.0018470532066656253,0.0018217922830236375,0.00025260925827650976,0.0018217923684044088,0.0038282206969689433,0.02227197290786705,0.4849802371541502,0.3571865367917582,0.0008516264965278838,0.0008394562938437131,0.00012170202078529904,0.0008394563371087739,0.019011437184717435,0.17639566801774717,0.5340909090909091,2.1771290422027363,33.35152268409729
64,0.0007931944601369476,0.0007856491690538612,7.545287644553364e-05,0.00167451447967381,0.0016520168215152348,0.00022497660175999792,0.0016520169032545517,0.006788149750304132,0.04128090345621964,0.4885375494071146,0.6425666116953613,0.0008283083207061281,0.0008166855924090752,0.00011622728262946939,0.0008166856330333386,0.019270913856103956,0.18027692936163311,0.5357954545454546,1.9909572378815672,33.87301588058472
65,0.0006132212650676721,0.0006071035518886279,6.117711656697058e-05,0.0020109067722536593,0.0019801875328821802,0.0003071923009966585,0.0019801876401021813,-0.011365847626878091,-0.0841264387168255,0.48893280632411074,-0.10479159672598912,0.000903769856036392,0.0008917968733095967,0.00011972980500600401,0.000891796912714431,0.009193169122891209,0.11659433002988734,0.5346590909090909,1.7597483432947656,34.08527135848999
66,0.0006619030879598788,0.0006551424386961658,6.760649621815037e-05,0.0017490308022489146,0.0017265180428834492,0.00022512751016807246,0.0017265181220137327,0.0019411285851210747,0.01069694854139966,0.4782608695652174,0.449026478677858,0.001148514775112827,0.001137343019763648,0.00011171754652588623,0.0011373430783924421,0.017762305957701688,0.1615618225849391,0.531534090909091,2.103888885480005,33.30579137802124
67,0.0005676345906315626,0.0005615460939794742,6.088498513153437e-05,0.0016556296463302988,0.0016325912666102142,0.00023038377128923386,0.0016325913479038182,0.004946066917978647,0.030003884150752138,0.4889328063241107,0.2514217323717097,0.0007986008391857137,0.0007875422077797174,0.00011058630047955376,0.0007875422452196139,0.018553498680165467,0.17975477422571104,0.5366477272727272,1.933563857557644,33.857831716537476
68,0.0005907253708177119,0.0005842072350714435,6.518135804880229e-05,0.0019203950370304847,0.001896784914286601,0.00023610132017134683,0.0018967850052079894,-0.00529454569536994,-0.03748225636928303,0.4830039525691699,0.20579199468724726,0.0009649137164160493,0.000954374441789696,0.00010539271322200379,0.000954374486963311,0.015319685045039137,0.1703949809687177,0.5338068181818182,2.287179498185889,34.26300621032715
69,0.0009399422940638179,0.0009327267832901785,7.21551206135535e-05,0.001561585221446042,0.001540138568290189,0.00021446668462684698,0.001540138656269957,0.0034344847798858623,0.019545950627394122,0.4889328063241107,0.5658439429374549,0.0007370892385138591,0.0007270713096493802,0.00010017927629426346,0.0007270713416097139,0.018273453371698067,0.1657074670377118,0.5323863636363636,2.0301064146998145,33.29153561592102
70,0.0005079580151732903,0.0005019893833524853,5.9686324088529956e-05,0.001572308111121407,0.0015516684991316758,0.00020639613383091165,0.0015516685743458007,-0.0007236386639644959,-0.004868577076024382,0.48774703557312254,0.337269478863352,0.0006871736666818668,0.0006782570986119522,8.916567990333782e-05,0.0006782571331082042,0.016259963604510295,0.17201807447756026,0.5349431818181819,2.0737746448538603,32.770915508270264
71,0.0006834704024323869,0.0006769282951030287,6.542107404138825e-05,0.0016540335732297751,0.0016348607379854786,0.00019172843720211984,0.0016348608276822484,0.003293058416213747,0.023930885428653202,0.48339920948616605,0.3304943653899474,0.00081743677690776,0.0008083555389517146,9.081237849593229e-05,0.0008083555729478689,0.014994800736485459,0.15661350871582655,0.5267045454545455,1.6107310554644847,33.18890190124512
72,0.0005686276572985184,0.0005624337119271984,6.19394577177335e-05,0.0016407143114559838,0.0016203904924766996,0.00020323822020519464,0.0016203905804723544,0.016594302996288918,0.10022675116569771,0.4877470355731225,0.5112768416154503,0.0006932824036828771,0.0006834175703922731,9.864831794071837e-05,0.0006834176050131306,0.020595845141505482,0.17789104266063271,0.5329545454545456,1.9022156944532789,33.63366508483887
73,0.000623385683513444,0.0006170556398409636,6.330044720328655e-05,0.0014631023763710257,0.001444446599318484,0.0001865577483380613,0.0014444466631825597,0.007396169717841422,0.04651925552120742,0.4869565217391304,0.48936708089457287,0.0006228837997200158,0.0006145212472884767,8.362553182388928e-05,0.0006145212776143608,0.01860276395070257,0.17819451577716636,0.5323863636363636,2.1022862999542093,33.74104452133179
74,0.0005525165720271873,0.000546665255365731,5.851316029127867e-05,0.001570646934995332,0.0015519993215672332,0.00018647617899361592,0.001551999395107223,-0.0018989746971074786,-0.013893288175204943,0.4845849802371542,0.35253116140885177,0.0007210637351652787,0.0007131073895255792,7.956345606627028e-05,0.0007131074279144962,0.01409704211026547,0.1559002724408692,0.5284090909090909,1.9878158333701292,34.18363118171692
75,0.0005526416552046695,0.0005464532019319412,6.188453240666245e-05,0.0014720942043761904,0.0014532583568055595,0.0001883584784671458,0.0014532584252248187,0.001772926837920868,0.010896532513085368,0.4841897233201581,0.1721681070178829,0.000674081262332038,0.0006658153868722201,8.26587597760987e-05,0.0006658154210010339,0.017306814669360234,0.15953963041906677,0.5323863636363636,2.156819278331791,33.251110315322876
76,0.0007753844366975086,0.0007689519196726979,6.432516695463393e-05,0.0014619764398181583,0.00144382806705576,0.00018148376979146624,0.0014438281404117108,0.009205497302366458,0.05593914565000139,0.48735177865612644,0.17264278476687353,0.0006497680356419137,0.000641250706642247,8.517329127306022e-05,0.0006412507361228275,0.01846164829206677,0.1644453598564299,0.5298295454545454,1.866796189251727,33.62102723121643
77,0.000516690248868962,0.0005109622757255706,5.727973140176001e-05,0.0013977591035309663,0.0013808346148249011,0.0001692448999733193,0.0013808346673584834,0.001525501106259503,0.010239255566659137,0.4782608695652174,0.4084835979353979,0.0005928469075694342,0.0005856147210414002,7.232185878468623e-05,0.0005856147495381443,0.01654075489287936,0.16359666019139946,0.5298295454545454,1.9153962675105975,34.150386810302734
78,0.0005977948954622285,0.0005919101777970979,5.884717727876521e-05,0.0014891455409769521,0.0014703766845572527,0.00018768855545434204,0.0014703767557286305,0.010566548835528647,0.06507928983501195,0.5031620553359684,0.33514156516365623,0.000649405362888832,0.0006407875891289388,8.61777333718485e-05,0.0006407876209256809,0.01628406200117737,0.15152145766065495,0.5298295454545454,1.7551616299888284,33.636571168899536
79,0.000441840368699614,0.00043682236996987327,5.017998935525409e-05,0.001430634142653354,0.0014125983815261977,0.00018035752382346846,0.001412598448159961,0.005653009273757913,0.031978195649720736,0.48458498023715413,0.1854468000049844,0.0006439253099663554,0.0006355577791261815,8.367531007603579e-05,0.0006355578096516172,0.016522959574368865,0.1492210410823991,0.5366477272727274,1.5822723534408416,33.546716928482056
80,0.0005876173974279987,0.0005818673834834375,5.7500131481562e-05,0.0015572407596359,0.001537422706504636,0.00019818047706649514,0.0015374227776013185,0.00992464991424548,0.0489279825232588,0.49486166007905136,0.39266358549271724,0.0006543655722866374,0.0006454009755378303,8.964599052515868e-05,0.0006454010059953293,0.019539265637795143,0.16462761867308445,0.5323863636363636,2.2372983166175864,33.46169972419739
81,0.0006067058631632598,0.0006009276860813678,5.778175344940709e-05,0.0016637128682783161,0.0016453142120068517,0.00018398657090369042,0.0016453142824086218,-0.0018343609447982248,-0.011734818710905278,0.48577075098814226,0.03334495828271851,0.0009248817915580399,0.0009170090207507284,7.87277013707601e-05,0.0009170090627076904,0.012761612394122344,0.1361679602917416,0.5329545454545456,1.855472631679804,33.001280307769775
82,0.00045549602287020676,0.0004504002256917466,5.0957973914105104e-05,0.0014189237121560725,0.0014016339307482513,0.0001728978036675536,0.0014016339945647624,-9.622590875992837e-05,-0.0005666501971719923,0.492094861660079,0.45427521942167925,0.0006612163636997469,0.000653705487159393,7.510877350114242e-05,0.0006537055211227991,0.015075477610164367,0.1480988727631935,0.5332386363636363,1.826965295881682,33.72122526168823
83,0.000607155153659852,0.0006009239117224522,6.231243000773688e-05,0.0014168822019395009,0.001399042446367818,0.00017839748319451238,0.0013990425014741117,-0.005205656472832823,-0.03762051610122541,0.5051383399209487,0.526551351014911,0.000595599570550059,0.0005887173303811076,6.882240367386575e-05,0.0005887173566568171,0.00789509151223586,0.10622888636798088,0.5301136363636364,2.3115793449221154,33.862797021865845
84,0.0005399953385428737,0.0005344463258745347,5.549012291312189e-05,0.0017110318221103973,0.001694512419497388,0.0001651940279131343,0.0016945125101629687,0.0108145896653991,0.06754274115336212,0.500395256916996,0.21280459686977085,0.001035239800165238,0.0010279414607959386,7.298339467483443e-05,0.0010279415121860333,0.0201046531353014,0.1811722848784389,0.5335227272727272,2.174612790428614,33.025025606155396
85,0.0009635489747016996,0.0009568308503087728,6.718122046430551e-05,0.0016238158520425231,0.0016063082956441167,0.000175075496149421,0.0016063083979294761,0.01184633700491278,0.06496598615092443,0.49209486166007904,0.2656986113224226,0.0006798443879977805,0.0006723061478624004,7.538239571596767e-05,0.0006723061795017858,0.01821151230173179,0.1540957334039362,0.5249999999999999,1.7899973322270444,33.54557800292969
86,0.0004610663318108165,0.0004559389980891461,5.127332473917208e-05,0.0013716386713036022,0.0013555176248392017,0.00016121047346574565,0.0013555176957107745,0.003016260425800352,0.01835461826655724,0.4893280632411068,0.28722787248312004,0.0005844908402898661,0.0005777784604519679,6.712378327930227e-05,0.0005777784882471334,0.01609361653941112,0.15021041545718117,0.5318181818181817,1.4910097004351837,34.094192028045654
87,0.00047161891098684546,0.00046646104772184795,5.157863378087194e-05,0.0015388893435401806,0.0015228759726783694,0.00016013381151683083,0.001522876051499357,0.0035434650427916894,0.022778012399841143,0.49407114624505927,0.08003892301654031,0.0006908849444781398,0.0006844015535369346,6.483391035255244e-05,0.0006844015823365163,0.014497567460893373,0.15027859921531397,0.53125,1.5593975455452527,33.133212089538574
88,0.0006175950681820107,0.0006118068527627261,5.788215043543864e-05,0.0014013982574771096,0.0013847314594925488,0.00016666797812727395,0.001384731522763028,0.005688900001199504,0.029094529913286607,0.48458498023715413,0.14170405424511937,0.0005524879034882443,0.000545650812620641,6.837090167912471e-05,0.0005456508426043286,0.017898087109018534,0.14445474530359087,0.5204545454545454,1.3711416841704287,33.518046617507935
89,0.0005636422788915977,0.00055814012438247,5.5021545429351844e-05,0.0013667568896290672,0.0013501030965703594,0.00016653784010493752,0.0013501031680430654,0.007767657738987293,0.04043593305232268,0.4897233201581027,0.2875110366157293,0.0005398968673530776,0.0005330816447481498,6.815220939932425e-05,0.0005330816694419593,0.018960131849098335,0.14648231352281083,0.5207386363636364,1.6537661123795417,33.81496596336365
90,0.000534762577613818,0.0005295239510796635,5.238626436406812e-05,0.0013448685452387126,0.0013296204139874226,0.00015248134430567365,0.001329620462993339,-0.00014499012025456486,-0.0010813713064802449,0.5189723320158103,1.005730470698889,0.0005494290166180607,0.0005434386991758154,5.990317254662097e-05,0.0005434387256207906,0.0070385306066342405,0.08358073379197639,0.5167613636363636,1.2871298773315847,33.049875020980835
91,0.0005149821544888035,0.0005095463089563771,5.435845612902829e-05,0.0014215931953773043,0.0014066336009966158,0.00014959601653051212,0.0014066336758937188,0.003846097913961479,0.02345294870396995,0.5011857707509881,0.3295060061296379,0.0006814305126516211,0.0006755659738618389,5.8645375521461e-05,0.0006755660029106616,0.01649806664031992,0.1634457685956672,0.5275568181818181,1.3863663967965931,34.43757891654968
92,0.0004989571995857393,0.0004936957028353436,5.261496305202588e-05,0.0014122322035158281,0.001396624772306053,0.00015607429241240226,0.0013966248447243859,0.01866902846706989,0.09583237399329243,0.508695652173913,0.802674306276263,0.00054706851597075,0.000541032369131823,6.0361466410085995e-05,0.0005410323991290713,0.018417919856860122,0.15358482804871917,0.5210227272727272,1.7097550340246384,33.968722105026245
93,0.0004843926496863732,0.00047953536155142097,4.8572883995325124e-05,0.0013467842661405236,0.0013322281455524494,0.00014556124862339834,0.0013322281979843672,0.007365044477876399,0.045524634997942404,0.4936758893280632,0.3517348594886878,0.0005215592014296403,0.0005160011023277052,5.5581006506599806e-05,0.0005160011261734698,0.013854941839145218,0.1286538348010489,0.5232954545454546,1.4030067880683272,34.8406286239624
94,0.0006339076097488446,0.0006284473110788509,5.4603002327628086e-05,0.0014043839709276956,0.001388868965948665,0.00015515006001762748,0.0013888690308216755,0.012103479129009699,0.06821257753787834,0.49604743083003955,0.21487960895663252,0.0005662294549686274,0.0005597822120597067,6.447243631348762e-05,0.0005597822377699207,0.015633859025324263,0.13322952239297345,0.5178977272727273,1.6047944201260005,34.00064992904663
95,0.0005988736998345974,0.000593517125625195,5.35657471283974e-05,0.0013593232012749559,0.001345420033319415,0.0001390316817338791,0.00134542009134189,0.0096867869567861,0.05879261180974849,0.49881422924901186,0.3893084536073033,0.0006366317449068116,0.000630866356046185,5.765389592356355e-05,0.0006308663833640575,0.014438407851933309,0.13733112100549522,0.525,1.7329804736125873,32.92699122428894
96,0.0005498169971020854,0.0005443545883419133,5.462407453531415e-05,0.0014007996237505938,0.0013841385190446931,0.0001666109591220131,0.0013841385939078578,0.0011429030787116746,0.006362388623339222,0.48972332015810277,0.005145471669465603,0.0005419478156082649,0.0005356182353931548,6.329579164540436e-05,0.0005356182568624103,0.01486319026114437,0.13139946128869417,0.5215909090909091,1.0318497866785445,34.160611391067505
97,0.0005184552329180837,0.0005131565932419052,5.2986388898790033e-05,0.0014267978139369834,0.0014108791104734144,0.00015918697531362895,0.0014108791638552868,0.013986917326548503,0.07143104266887469,0.49090909090909085,-0.0994113460299658,0.0005713389344815699,0.0005644603365908551,6.878599282345021e-05,0.0005644603611981364,0.020185512395416043,0.14955753782781914,0.5281250000000001,1.5605497941200006,33.16747307777405
98,0.0005544596354916899,0.000549228295277877,5.2313409426028784e-05,0.0013171256082836471,0.0013027251352972016,0.00014400479969783206,0.0013027251995861094,0.007116353933016888,0.041966003904948604,0.49209486166007904,0.2737352817651121,0.0005274357054490379,0.0005217025526772803,5.7331528394529e-05,0.0005217025792878151,0.014129689826629209,0.12411120840333674,0.5170454545454546,1.7984209584613668,33.345725774765015
99,0.0005229806314581756,0.0005179922257310763,4.988405392515518e-05,0.0017366728804298775,0.0017226635108714768,0.0001400936993657797,0.0017226635941005586,0.020818068930347024,0.11814717605294475,0.5122529644268774,0.6512048062135865,0.0010943073491282782,0.001088158219607232,6.149129410459864e-05,0.0010881582727968395,0.014387203950563265,0.11753380945468557,0.5292613636363637,1.5174691010442645,34.28417682647705
100,0.0005114857689624493,0.0005063808446978172,5.104923264555353e-05,0.001393022807878663,0.001378848189589284,0.00014174621204075794,0.0013788482590665235,0.007460781926543165,0.043949365250729844,0.49209486166007904,0.26241264755768934,0.000547539649480975,0.0005419611385894478,5.578511218376744e-05,0.0005419611623843495,0.015256441466710124,0.13879631079438967,0.5184659090909091,1.582040272162463,33.650139808654785
